{"indexes":[],"parameters":{"allowUserKeys":true,"cacheEnabled":false,"cid":"163325","deleted":false,"globallyUniqueId":"_graphs","id":"163325","isDisjoint":false,"isSmart":false,"isSmartChild":false,"isSystem":true,"keyOptions":{"allowUserKeys":true,"type":"traditional","lastValue":0},"minReplicationFactor":1,"minRevision":"0","name":"_graphs","numberOfShards":1,"planId":"163325","replicationFactor":1,"schema":null,"shardKeys":["_key"],"shards":{},"status":3,"syncByRevision":true,"type":2,"usesRevisionsAsDocumentIds":true,"version":9,"waitForSync":false,"writeConcern":1}}