{"indexes":[],"parameters":{"allowUserKeys":true,"cacheEnabled":false,"cid":"163364","deleted":false,"globallyUniqueId":"hABC5EBAFC11E/163364","id":"163364","isDisjoint":false,"isSmart":false,"isSmartChild":false,"isSystem":false,"keyOptions":{"allowUserKeys":true,"type":"traditional","lastValue":71539},"minReplicationFactor":1,"minRevision":"_cPlZM-m---","name":"imdb_vertices","numberOfShards":1,"planId":"163364","replicationFactor":1,"schema":null,"shardKeys":["_key"],"shards":{},"status":3,"syncByRevision":true,"type":2,"usesRevisionsAsDocumentIds":true,"version":9,"waitForSync":false,"writeConcern":1}}