{"indexes":[],"parameters":{"allowUserKeys":true,"cacheEnabled":false,"cid":"163369","deleted":false,"globallyUniqueId":"hABC5EBAFC11E/163369","id":"163369","isDisjoint":false,"isSmart":false,"isSmartChild":false,"isSystem":false,"keyOptions":{"allowUserKeys":true,"type":"traditional","lastValue":249839},"minReplicationFactor":1,"minRevision":"_cPlZM-u---","name":"imdb_edges","numberOfShards":1,"planId":"163369","replicationFactor":1,"schema":null,"shardKeys":["_key"],"shards":{},"status":3,"syncByRevision":true,"type":3,"usesRevisionsAsDocumentIds":true,"version":9,"waitForSync":false,"writeConcern":1}}